{"pitch": [-5.210648882512727, 11.906007462841325, 243.35842735503738, 30.694972774833904], "energy": [-1.741220474243164, 5.829405307769775, 62.225048418233484, 35.18572358400906]}