{
  "pitch": [
    -1.9463537850428885,
    10.736274523298805,
    172.72603608443296,
    54.91662589334771
  ],
  "energy": [
    -0.6812155246734619,
    16.76856803894043,
    14.489949792806723,
    21.265095386333027
  ]
}