{"pitch": [-1.8934982106207574, 5.059200311475358, 178.84801085255475, 59.682737909942304], "energy": [-0.6882297396659851, 10.376349449157715, 10.989167510330164, 15.960592869274937]}