{
  "pitch": [
    -4.940032858689364,
    7.1483263213036174,
    235.59520082975476,
    31.754232216887033
  ],
  "energy": [
    -1.5240286588668823,
    20.544328689575195,
    2.9593143978698846,
    1.8977128606770073
  ]
}