{
  "pitch": [
    -2.1436319674383415,
    10.388213913618335,
    191.96599690453291,
    58.92869988348523
  ],
  "energy": [
    -0.7843989729881287,
    18.499521255493164,
    14.416694610580457,
    18.37928800122177
  ]
}