{
  "pitch": [
    -2.78773888343058,
    10.924582868031406,
    214.70472946011,
    54.18192826246116
  ],
  "energy": [
    -1.560162901878357,
    6.7219038009643555,
    57.91788405388951,
    37.120017044024394
  ]
}